DOI,Title,Authors,Journal,Year,Abstract,LitmapsId,Cited By,References,PubMedId,Tags,Categoria,Relevancia,Acesso,Tipo_Documento

(missing DOI),SELF-DIRECTED LEARNING: A META-ANALYTIC REVIEW OF ADULT LEARNING CONSTRUCTS,"Diane R. Edmondson, Stefanie L. Boyer",(missing journal),2012,"This article is a meta-analytic study examining the relationship between self-directed learning and constructs that have received research attention in the education domain including academic performance, future aspiration, creativity, curiosity, and life satisfaction. Meta-analytic results show that self-directed learning is significantly and positively related to academic performance (r = .15, p < .001), future aspiration (r = .13, p < .001), creativity (r = .25, p < .001), curiosity (r = .40, p < .01), and life satisfaction (r = .35, p < .001). These results show that self-directed learning is an important construct and should be implemented into business education.",894016,49,34,,"aprendizagem autodirigida, revisao_sistematica","Meta-análise, Fundamentos SDL",Alta,Parcial,Artigo

10.19173/irrodl.v24i4.7291,"Book Review: Blended Learning Environments to Foster Self-Directed Learning, edited by Christo van der Westhuizen, Mncedisi C. Maphalala, and Roxanne Bailey (AOSIS Books, 2022)",Ramiz Ali,International Review of Research in Open and Distance Learning,2023,"Blended Learning Environments to Foster Self-Directed Learning is the eighth book in the Self-Directed Learning Series by North-West University, South Africa. The volume provides strategies and approaches to promote self-directed learning (SDL) in blended learning environments, featuring contributions from authors experienced in active learning strategies in online and blended learning contexts.",266923260,0,0,,"aprendizagem autodirigida","Ambiente de Aprendizagem, EAD",Média,Parcial,Resenha

(missing DOI),Self-directed learning in health professions education.,"M. Murad, P. Varkey","Annals of the Academy of Medicine, Singapore",2008,"INTRODUCTION Self-directed learning has been recommended as a promising methodology for lifelong learning in medicine. However, the concept of self-directed learning continues to be elusive, with students and educators finding difficulty in defining it and agreeing on its worth. METHODS In this paper we review the literature of self-directed learning in health professions education and present a framework based on Malcolm Knowles' key components of self-directed learning. RESULTS The key components of self-directed learning are: the educator as a facilitator, identification of learning needs, development of learning objectives, identification of appropriate resources, implementation of the process, commitment to a learning contract and evaluation of learning. Several but not all of these components are often described in the published literature. CONCLUSION Although the presented framework provides some consistency for educators interested in applying SDL methods, future studies are needed to standardise self-directed learning curricula and to determine the effectiveness of these components on educational outcomes.",20112800,128,68,,"aprendizagem autodirigida, saude","Aplicação em Saúde, Framework",Alta,Parcial,Artigo

10.1007/s13312-022-2501-x,The Concept of Self-Directed Learning: Implications for Practice in the Undergraduate Curriculum,"Anshu, P. Gupta, T. Singh",Indian Pediatrics,2022,"Self-directed learning (SDL) is a modality where learners are expected to take responsibility for their own learning, diagnose gaps in their learning, frame their own goals and resources for learning, implement appropriate learning strategies and evaluate learning outcomes. Flexibility and creativity in designing assignments for students to work individually or collaboratively are the keys to promoting SDL. The recent competency-based curriculum document from the National Medical Commission does not elaborate the concept or implementation of SDL, leaving it open to individual interpretation.",12239049,15,34,,"Aprendiz_Universitario, aprendizagem autodirigida","Currículo, Estratégias Educacionais",Alta,Parcial,Artigo

10.5688/ajpe847512,Developing Self-Directed Learners,"Jennifer D. Robinson, A. Persky",American Journal of Pharmaceutical Education,2020,"Objective. To discuss the meaning of self-directed learning, challenges with implementation, and strategies to overcome obstacles in educational settings. In this paper we define self-directed learning, differentiate it from similar terminology, and discuss the empirical evidence for its development and strategies for its use within higher education. Summary. Self-directed learning as a defined teaching pedagogy has been around since the 1960s and can be used in classroom and experiential settings.",202737822,104,32,,"aprendizagem autodirigida, referencial teorico","Implementação, Desafios, Estratégias",Alta,Parcial,Artigo

10.30935/ejimed/11439,Rethinking Pedagogy: Interrogating Ways of Promoting Deeper Learning in Higher Education,"Talent T. Rugube, Khetsiwe Mthethwa-Kunene, C. Maphosa",European Journal of Interactive Multimedia and Education,2021,"Teaching and learning in higher education should shift from surface learning to deeper learning. Deeper learning provides opportunities for students to achieve high learning outcomes. However, there is a dearth of information on the utilization of deeper learning in higher education. Deeper learning demands educators to employ pedagogy that enhances the acquisition of higher-order skills.",151038651,4,40,,Aprendiz_Universitario,"Pedagogia, Aprendizagem Profunda",Média,Parcial,Artigo

(missing DOI),Andragogy and Self-Directed Learning: Pillars of Adult Learning Theory,Iluminada Ong,(missing journal),2009,"The central question of how adults learn has occupied the attention of scholars and practitioners since the founding of adult education as a professional field of practice in the 1920s. Some eighty years later, we have no single answer, no one theory or model of adult learning that explains all that we know about adult learners, the various contexts where learning takes place, and the process of learning itself.",223435072,24,0,,"Andragogia, aprendizagem autodirigida","Teoria da Aprendizagem, Andragogia",Alta,Parcial,Artigo

(missing DOI),Using technology to encourage self-directed learning: The Collaborative Lecture Annotation System (CLAS),"Shane Dawson, Leah P. Macfadyen, FR Evan, Tom Foulsham, Alan Kingstone",(missing journal),2012,"The rapidly-developing 21st century world of work and knowledge calls for self-directed lifelong (SDL) learners. While higher education must embrace the types of pedagogies that foster SDL skills in graduates, the pace of change in education can be glacial. This paper describes a social annotation technology, the Collaborative Lecture Annotation System (CLAS), that can be used to leverage existing teaching and learning practices for acquisition of 21st Century SDL skills.",67969006,31,41,,"Tecnologia Educacional, SDL","Tecnologia, Ferramentas de Aprendizagem",Alta,Parcial,Artigo

(missing DOI),Self-directed learning : a guide for learners and teachers / Malcom S. Knowles,M. Knowles,(missing journal),1975,(missing abstract),276738521,540,0,,"Andragogia, aprendizagem autodirigida","Livro Seminal, Fundamentos",Alta,Indisponível,Livro

(missing DOI),"Self-direction in Adult Learning: Perspectives on Theory, Research and Practice","Ralph G. Brockett, Roger Hiemstra",(missing journal),1991,"A self-directed learner is one who takes sole responsibility for his or her own learning. The idea is not a new one but has recently received renewed attention in education circles and has particular significance for the adult education sector. Self-direction represents a significant shift from traditional academic planning. It emphasizes autonomy and personal development and is now considered an important component of courses, not just in independent study or for external degrees, but in, for example, literacy training, continuing professional training, or computer and video technology.",219166134,436,0,,aprendizagem autodirigida,"Teoria, Fundamentos, Modelo PRO",Alta,Parcial,Livro

10.1002/ace.20547,Self-Directed Adult Learning: Then and Now,Kathy Peno,New Directions for Adult and Continuing Education,2024,"Self‐directed learning (SDL) has become increasingly important in today's fast‐paced and ever‐changing society. This paper explores SDL's historical evolution, theoretical foundations, and practical applications, particularly in online environments. SDL is defined as a personal attribute and a process that empowers learners to take the initiative and responsibility for their education.",281906574,0,47,,"acesso_semPDF, aprendizagem autodirigida, revisao_sistematica","Evolução Histórica, Aplicações Online",Alta,Indisponível,Artigo

10.1002/ace.3,Andragogy and Self-Directed Learning: Pillars of Adult Learning Theory,S. Merriam,(missing journal),2001,Andragogy and self-directed learning continue to be important to our present-day understanding of adult learning.,19885748,1645,124,,acesso_comPDF,"Teoria da Aprendizagem, Andragogia",Alta,Completo,Artigo

10.1177/074171369704800103,Self-Directed Learning: Toward a Comprehensive Model,D. Garrison,(missing journal),1997,"Self-directed learning is a core theoretical construct distinguishing adult education as a field of study. Most of the concept's emphasis has been on the external control and management of learning tasks. In an attempt to expand the scope of self-directed learning, this paper presents a comprehensive theoretical model. The proposed model integrates self-management (contextual control), self-monitoring (cognitive responsibility), and motivational (entering and task) dimensions to reflect a meaningful and worthwhile approach to self-directed learning.",229466001,1351,49,,acesso_comPDF,"Modelo Teórico, Aprendizagem de Adultos",Alta,Completo,Artigo

10.5860/choice.29-4017,Self-direction for lifelong learning: a comprehensive guide to theory and practice,Philip C. Candy,Choice Reviews Online,1992,Part 1 The scope and meaning of self-directed learning: what is self-directed learning? the growth of interest in self-directed learning promise and limitations for education and training. Part 2 Four dimensions of self-direction: personal autonomy self-management in learning the independent pursuit of learning learner-control of instruction. Part 3 New theoretical insights on self-directed learning...,85373340,1137,0,,"acesso_comPDF, artigo_seminal","Guia Abrangente, Teoria, Prática",Alta,Completo,Livro

10.1177/0001848191041003001,Teaching Learners To Be Self-Directed,Gerald Grow,(missing journal),1991,"Based on the Situational Leadership model of Hersey and Blanchard (1988), the Staged Self-Directed Learning Model proposes that learners advance through stages of increasing self-direction and that teachers can help or hinder that development. Good teaching matches the learner's stage of self-direction and helps the learner advance toward greater self-direction.",175525398,1095,43,,"acesso_comPDF, referencial teorico","Modelo de Estágios, Ensino Adaptativo",Alta,Completo,Artigo

10.1177/1745691612454304,Self-Directed Learning,"T. Gureckis, D. Markant",Perspectives on psychological science : a journal of the Association for Psychological Science,2012,"A widely advocated idea in education is that people learn better when the flow of experience is under their control (i.e., learning is self-directed). However, the reasons why volitional control might result in superior acquisition and the limits to such advantages remain poorly understood. In this article, we review the issue from both a cognitive and computational perspective.",54016352,813,151,,acesso_comPDF,"Psicologia Cognitiva, Controle Volitivo",Alta,Completo,Artigo

10.4324/9780429457319,Self-Direction in Adult Learning,"R. Brockett, R. Hiemstra",(missing journal),1991,"A self-directed learner is one who takes sole responsibility for his or her own learning. The idea is not a new one but has recently received renewed attention in education circles and has particular significance for the adult education sector. Self-direction represents a significant shift from traditional academic planning. It emphasizes autonomy and personal development and is now considered an important component of courses.",102788079,761,3,,"acesso_comPDF, aprendizagem autodirigida","Teoria, Fundamentos, Modelo PRO",Alta,Completo,Livro

10.1007/s10648-008-9082-7,Self-Directed Learning in Problem-Based Learning and its Relationships with Self-Regulated Learning,"Sofie M. M. Loyens, Joshua Magda, R. Rikers",(missing journal),2008,(missing abstract),276100891,397,1,,"acesso_comPDF, aprendizagem autodirigida","PBL, Autorregulação",Alta,Completo,Artigo

10.1046/j.1365-2648.2003.02673.x,Self-directed learning in nurse education: a review of the literature.,E. O'Shea,Journal of advanced nursing,2003,"RATIONALE Self-directed learning is essential in assisting nurses to meet the challenges presented in today's health care environment. Nurse educators have an important role to play in assisting nurses to acquire the skills for self-directed learning, and to do this they need to understand the concept of self-directed learning. AIM The aim of this review is to explore the concept of self-directed learning and its use in nurse education.",211023614,314,72,,"acesso_comPDF, aprendizagem autodirigida, revisao_sistematica","Enfermagem, Educação Profissional",Alta,Completo,Revisão de Literatura

10.1177/0001848186036002004,Development and Validation of an Instrument to Identify Self-Directed Continuing Learners,L. Oddi,(missing journal),1986,"This study sought to describe the personality characteristics of self-directed continuing learners, develop an instrument to identify such learners, and conduct empirical investigations to validate the instrument. Dimensions of the self-directed continuing learner's personality were developed and then used in the construction of an item pool.",163300077,237,21,,"acesso_comPDF, aprendizagem autodirigida, referencial teorico","Instrumentos de Medição, OCLI",Alta,Completo,Artigo

10.1080/13562510802169756,Self-directed learning – a learning issue for students and faculty!,"C. Silén, Lars Uhlin",(missing journal),2008,"Self-directed learning (SDL), is an essential concept in problem-based learning (PBL), and, in a broader sense, student-centred learning. Considering the complex nature of SDL, it has been taken for granted and given a shallow meaning, i.e. self-study. In order to develop a deeper understanding and make use of the potential in SDL, this paper discusses and puts forward a more profound meaning.",160384092,165,38,,"acesso_comPDF, aprendizagem autodirigida","PBL, Aprendizagem Centrada no Estudante",Alta,Completo,Artigo

10.1177/0741713610380447,Development of the PRO-SDLS: A Measure of Self-Direction in Learning Based on the Personal Responsibility Orientation Model,"S. Stockdale, R. Brockett",(missing journal),2011,The purpose of this study was to develop a reliable and valid instrument to measure self-directedness in learning among college students based on an operationalization of the personal responsibility orientation (PRO) model of self-direction in learning. The resultant 25-item Personal Responsibility Orientation to Self-Direction in Learning Scale (PRO-SDLS) was found to be a highly reliable instrument in the selected sample of graduate and undergraduate education students.,96750617,133,63,,"acesso_comPDF, aprendizagem autodirigida","Instrumentos de Medição, PRO-SDLS",Alta,Completo,Artigo

10.1177/0273475313494010,Self-Directed Learning,"Stefanie L. Boyer, D. Edmondson, Andrew B. Artis, David E. Fleming",(missing journal),2014,"A meta-analytic review of self-directed learning (SDL) research over 30 years, five countries, and across multiple academic disciplines is used to explore its relationships with five key nomologically related constructs for effective workplace learning. The meta-analysis revealed positive relationships between SDL and internal locus of control, motivation, performance, self-efficacy, and support.",22259836,128,55,,"acesso_comPDF, aprendizagem autodirigida","Meta-análise, Aprendizagem no Trabalho",Alta,Completo,Artigo

10.4135/9781483328782,Assessment Strategies for Self-Directed Learning,"Arthur L. Costa, B. Kallick",(missing journal),2003,"The best ebooks about Assessment Strategies For Self Directed Learning that you can get for free here by download this Assessment Strategies For Self Directed Learning and save to your desktop. This ebooks is under topic such as assessment strategies for self directed learning experts effective online instructional and assessment strategies self-assessment in self-directed learning.",24424648,125,0,,"acesso_comPDF, acesso_semPDF, aprendizagem autodirigida","Avaliação, Estratégias de Aprendizagem",Média,Parcial,Livro

10.1177/0001848187038001003,Perspectives On Self-Directed Learning,L. Oddi,(missing journal),1987,"Self-directed learning in adults is considered predominantly a process of self-instruction. This conception is inadequate because it fails to account for persistence in learning and excludes adults who are unable to plan self-instruction. These inadequacies, however, can be addressed by studying self-directed learning as it relates to the learner's personality.",196428463,103,46,,"acesso_comPDF, aprendizagem autodirigida","Personalidade, Psicologia da Aprendizagem",Alta,Completo,Artigo

(missing DOI),Development of an Instrument to Measure Self-Directedness,Susan Stockdale,(missing journal),2003,"The purpose of this study was to develop a reliable and valid instrument to measure self-directedness in learning within the framework of the teaching-learning (TL) and learner characteristics (LC) components of the Personal Responsibility Orientation (PRO) Model of Self-Direction (Brockett & Hiemstra, 1 99 1 ) among college students.",51014607,28,51,,"acesso_comPDF, aprendizagem autodirigida","Instrumentos de Medição, PRO-SDLS",Alta,Completo,Tese

(missing DOI),Examination of The Big Five And Narrow Traits In Relation To Learner Self-Direction,Jeral R. Kirwan,(missing journal),2012,"Self-direction in learning is a major topic in the field of adult learning. There has been extensive coverage of the topic by theorists, researchers, and practitioners. However, there have been few studies which look at learner self-direction specifically as a personality trait. The present study addresses the relationship between learner selfdirection and other personality traits of college students when the traits represented by the five-factor model of personality (Digman, 1990) are differentiated from narrow personality traits.",115976145,2,171,,"acesso_comPDF, aprendizagem autodirigida","Personalidade, Big Five, Traços",Alta,Completo,Tese

(missing DOI),An Analysis of the Characteristics of Self-Directed Learners and Strategies to Enhance Self-Directed Learning in Education Systems: Transcending Boundaries,N. Edwards,(missing journal),2015,"Education can allow individuals to transcend boundaries of space, identity, and culture by empowering learners with the ability to pursue self-directed, lifelong learning. Valuable new meanings and understandings can be created by the interaction between self-motivated, self-directed learners, communities, and a wide range of organizations (Rogers, 2004).",49615089,2,15,,"acesso_comPDF, aprendizagem autodirigida","Características dos Aprendizes, Estratégias",Média,Completo,Artigo

(missing DOI),Self-directed learning and distance education,Michael Moore,International Journal of E-Learning & Distance Education / Revue internationale du e-learning et la formation à distance,1986,"Moore befasst sich in diesem Papier mit dem Verhaltnis von 'selbstbestimmten Lernen' und 'Fernstu­dium'. Beim Fernstudium, bei dem die Lerner vom Lehrenden raumlich getrennt ist und in dem die Kom­munikation zwischen Lerner und der lehrenden Institution medial vermittelt ist, bestimmen die Fakto­ren "Dialog" und "Struktur" (vgl. ZIFF-Papiere 16) das Ausmas, in dem das Lehren an die individuellen Bedurfnisse und Fahigkeiten der Lernenden angepasst werden kann.",62598692,250,14,,"EAD, acesso_semPDF, aprendizagem autodirigida","Educação a Distância, Autonomia",Alta,Indisponível,Artigo

(missing DOI),Development of the self-directed learning readiness scale,Lucy M. Guglielmino,UMI Dissertation Services eBooks,1977,(missing abstract),161771350,704,0,,"acesso_semPDF, aprendizagem autodirigida","Instrumentos de Medição, SDLRS",Alta,Indisponível,Tese

10.3928/0022-0124-19860501-14,Self-Directed Learning: From Theory to Practice,J. Beniak,(missing journal),1986,(missing abstract),16785544,87,0,,"acesso_semPDF, aprendizagem autodirigida","Teoria e Prática, Fundamentos",Média,Indisponível,Artigo

10.1016/j.sbspro.2010.12.423,Self-directed learning in a socioconstructivist learning environment,"Foo Sze-yeng, Raja Maznah Raja Hussain",Procedia - Social and Behavioral Sciences,2010,(missing abstract),37832241,82,16,,aprendizagem autodirigida,"Sociocontrutivismo, Ambiente de Aprendizagem",Média,Parcial,Artigo

10.1136/adc.74.4.357,Self directed learning.,"A. Towle, D. Cottrell",Archives of disease in childhood,1996,"The ability to acquire skills in self directed learning may be the key link between undergraduate education, postgraduate training, and continuing professional development. If future and current practitioners are to adopt an ongoing reflective and critical approach to practice, we should aim to provide learning opportunities that promote self confidence, question asking and reflection, openness and risk taking, uncertainty and surprise.",225472563,66,9,,aprendizagem autodirigida,"Desenvolvimento Profissional, Educação Médica",Média,Parcial,Artigo

(missing DOI),Exploratory Study of the Relationship between Self-Directed Learning and Academic Performance in a Web-Based Learning Environment,"Pao-Nan Chou, Wei-Fan Chen",Online Journal of Distance Learning Administration,2008,"Through literature review, this paper examines six empirical studies. Three cases are from the United States and the other three are from studies conducted in Asian. The purpose of this study is to identify whether or not self-directed learning is a key factor leading to successful academic performance in webbased learning environments.",88150192,55,29,,"EAD, aprendizagem autodirigida","Desempenho Acadêmico, Ambiente Web",Média,Parcial,Artigo

10.1177/1469787412467126,Enhancing self-directed learning through a content quiz group learning assignment,"N. Warburton, S. Volet",(missing journal),2013,"This article presents the findings of an empirical study that examined the learning value of a novel group assessment activity aimed at promoting first-year students' development of basic self-directed learning skills required for university study. A content quiz group learning assignment was designed to enhance students' capacity to ask appropriate questions to guide their enquiry, identify appropriate resources and tools, and draw links between different learning resources, all skills embedded within their learning in a science unit.",56671093,48,39,,aprendizagem autodirigida,"Avaliação em Grupo, Questionários",Média,Parcial,Artigo

10.1177/2158244014534857,An Examination of Learner Self-Direction in Relation to the Big Five and Narrow Personality Traits,"Jeral R. Kirwan, John W. Lounsbury, Lucy W. Gibson",SAGE Open,2014,"The present study addresses the relationship between learner self-direction and other personality traits of college students when the traits represented by the five-factor model of personality are differentiated from narrow personality traits. Correlation and multiple regression analyses were used with a sample of 2,102 college students to examine the unique individual relationship between Big Five and narrow personality traits and learner self-direction.",191599726,32,90,,"Aprendiz_Universitario, aprendizagem autodirigida","Personalidade, Big Five, Traços",Alta,Parcial,Artigo

10.12968/nrec.2002.4.2.9214,Self-directed learning.,L. Guglielmino,Family medicine,2004,(missing abstract),9845927,24,1,,"aprendizagem autodirigida, saude","Medicina Familiar, Educação Médica",Baixa,Indisponível,Artigo

10.1080/13636820.2018.1463280,Vocational education of young adults in England: a systemic analysis of teaching–learning transactions that facilitate self-directed learning,T. Morris,(missing journal),2018,"Abstract Fostering the skills necessary for self-directed learning is an important endeavour of vocational education and training in many contexts internationally. However, there is a distinct lack of studies that investigate the extent to which facilitation of self-directed learning is present within vocational education and training in different contexts.",107643588,21,48,,aprendizagem autodirigida,"Educação Vocacional, Transações de Ensino",Média,Parcial,Artigo

10.3928/0022-0124-19760501-17,"Self-Directed Learning, A Guide for Learners and Teachers",J. McNally,(missing journal),1976,(missing abstract),169990759,2168,0,,"Referencia_incorreta, acesso_semPDF","Guia, Fundamentos",Média,Indisponível,Resenha

10.24297/jssr.v3i2.3207,The Antecedents toward Self-Directed Learning among Distance Learner in Malaysian Public Universities,"Nursyamilah Annuar, R. Shaari",(missing journal),2014,"This paper reviews the underpinning theories and past literature on self-directed learning in relation to self-efficacy by distance learner in higher learning institutions. There is little research available that systematically traces the extent to which individual and external factors play a role in level of self-directed learning ability.",73907420,7,73,,"EAD, aprendizagem autodirigida","Educação a Distância, Autoeficácia",Média,Parcial,Artigo

10.5539/jel.v12n2p79,Lessons from Self-Directed Learning Activities and Helping University Students Think Critically,Orjika Paschal Chukwunemerem,Journal of Education and Learning,2023,"This work presents the benefits of self-directed learning activities as tools for enhancing critical thinking of university students. Self-directed learning is best introduced to students during the transition period from high school to the university (Van et al., 2015), and then reinforced throughout the university years.",254054048,6,32,,"Ate_10_anos, aprendizagem autodirigida","Pensamento Crítico, Atividades SDL",Média,Parcial,Artigo

10.1080/02680513.2022.2141105,Guidelines and strategies for fostering and enhancing self-directed online learning,"Meina Zhu, Curtis J. Bonk, Meina Zhu, Curtis J. Bonk","Open Learning: The Journal of Open, Distance and e-Learning",2022,"he aim of this article is to provide practical instructional design strategies to foster and enhance learners' online self-directed learning skills and abilities; especially when accessing massive open online courses (MOOCs) and other forms of open educational resources and OpenCourseWare (OCW).",251119782,11,40,,"EAD, aprendizagem autodirigida","MOOCs, Estratégias Online",Alta,Parcial,Artigo

10.1007/s12528-021-09301-2,"The relationship among motivation, self-monitoring, self-management, and learning strategies of MOOC learners","Meina Zhu, Min Young Doo",Journal of Computing in Higher Education,2021,"Abstract In massive open online learning courses (MOOCs) with a low instructor-student ratio, students are expected to have self-directed learning abilities. This study investigated the relationship among motivation, self-monitoring, self-management, and MOOC learners' use of learning strategies.",220124132,36,90,,"MOOCs, Aprendizagem Online, Motivação","Motivação, Automonitoramento, Autogestão",Alta,Parcial,Artigo

10.1001/jama.250.22.3077,"Problem-based, self-directed learning",Howard S. Barrows,JAMA,1983,(missing abstract),259577397,8,0,,"acesso_semPDF, aprendizagem autodirigida","PBL, Medicina",Média,Indisponível,Artigo

10.51983/arss-2021.10.2.2985,Self-Directed Learning (SDL) in Higher Education: Practices and Issues,"Dilani Kanishka Abeyrathne, Sakunthala Yatigammana Ekanayake",Asian review of social sciences,2021,"SDL is considered to be a fundamental educational goal. However, higher education institutes are challenged when promoting SDL. Therefore, the present study aims to, explore existing practices of self-direct learning implemented in the Faculty and to identify problems of undergraduates when they are engaging with self-direct learning practices in the Faculty.",207529677,1,13,,aprendizagem autodirigida,"Ensino Superior, Desafios de Implementação",Baixa,Parcial,Artigo

10.47672/ajep.1161,Self-directed Learning (SDL) and Development of Competencies among Students of the University of Bamenda,"Kibinkiri Eric Len, Kunike Tieme",American journal of education and practice,2022,"Purpose: This study examines the relationship between self-directed learning (SDL) and development of competencies among students of the University of Bamenda (UBa). Methodology: The argument for this study anchored on Vygosky's Social Constructivism Theory, Cognitive Apprenticeship Theory of Collins et al., and Tchombe's Mediated Mutual Reciprocity Theory. A correlational survey research design, with a quantitative approach for data collection was used.",231755999,2,30,,aprendizagem autodirigida,"Desenvolvimento de Competências, Construtivismo Social",Média,Parcial,Artigo

10.33736/jcshd.5339.2023,Fostering Self-Directed Learning in Higher Education: The Efficacy of Guided Learning Approach among First-Year University Students in Malaysia,(missing authors),Journal of Cognitive Sciences and Human Development,2023,"The present study investigates the efficacy of the guided learning approach in promoting self-directedness among first-year, first-semester university students in Malaysia. Based on a sample of 37 participants, this study employs the SECI (Socialization, Externalization, Combination, and Internalization) Model as a theoretical framework to examine the transfer of knowledge between the lecturer and students, as well as among students.",255527763,2,0,,"Ate_10_anos, aprendizagem autodirigida","Abordagem de Aprendizagem Guiada, Ensino Superior",Média,Parcial,Artigo

10.21608/mtkh.2022.275984,The Role of Self-Directed Learning Strategies in Improving the Academic Performance of Students with Learning Disabilities,يوسف عيد,مجلة التربية الخاصة,2022,"Self -directed learning is a strategy widely used with normal students . Numerous educational initiatives have been launched to expand its use among school children and university students. Though, there is still a great need to spread this term in the field of disability.",252003704,1,11,,aprendizagem autodirigida,"Dificuldades de Aprendizagem, Educação Especial",Baixa,Parcial,Artigo

10.17770/ercs2012.5,COOPERATIVE LEARNING STRATEGIES FOR PROMOTION OF STUDENT'S SELF-DIRECTION,Gunars Strods,(missing journal),2015,"This article presents results of promotion of students self-direction in cooperative learning in teacher training. The purpose of the study was to work out and implement an cooperative learning model for promotion of student self-directed learning skills in teacher training in university, and explore the relationships between the cooperative learning process and self-directed learning development.",71037661,0,16,,"Ate_10_anos, aprendizagem autodirigida","Aprendizagem Cooperativa, Formação de Professores",Média,Parcial,Artigo

10.22158/iess.v2n2p29,Applying Self-Directed Learning in Teaching Technical Drawing: Results of a Study in Real Situation at Universities of Technology and Education,PhD. Truong Minh Tri,(missing journal),2022,"Teaching based on self-directed learning is considered a teaching perspective that focuses the teaching process on learners' learning activities, helping learners to increase their active, positive and self-discipline in learning, to meet the requirements of lifelong learning. The characteristics of teaching technical drawing at universities require very high self-study in students, from determining learning goals to determining the learning process and ways to achieve results of the highest learning.",251367817,0,0,,aprendizagem autodirigida,"Desenho Técnico, Educação Tecnológica",Baixa,Parcial,Artigo

10.19173/jer.2018.v4.i1.21,Self-directed learning: A tool for lifelong learning,"Khiat, Henry",Journal of Education and Research,2017,"The notion of lifelong learning implies that learning is not confined to childhood or the classroom, but can take place throughout life and in a range of situations. Supporting the development of lifelong learning has become a global educational, social, and economic goal today as evidenced by the sustainable development goal 4 established by the United Nations. Assessment is recognized for its central role in supporting lifelong learning, but there is an assessment gap at present as most assessments do not support the knowledge, skills, and attitudes needed for lifelong learning. This paper examines self-directed learning as a tool to support lifelong learning and elaborates on the role of assessment to cultivate essential lifelong learning habits of self-directed reflection and self-monitoring.",279834421,144,27,,"acesso_comPDF, aprendizagem autodirigida, lifelong learning","Aprendizagem ao Longo da Vida, Autoavaliação",Alta,Completo,Artigo

10.1007/s10956-013-9475-3,Self study enhances the learning effect of online discussion,"Naglaa Ali, Richard M. Hodson",Journal of Science Education and Technology,2014,"This study aimed to compare the academic outcome of a 'self study-discussion' mode of learning with an 'online peer discussion' mode among pharmacy students and to determine how online peer discussion, specifically, affected the learning process in terms of students' preparation, knowledge construction, and tutor role.",216536188,5,22,,"acesso_comPDF, aprendizagem autodirigida, online learning","Autorregulação, Discussão Online",Média,Completo,Artigo

10.1016/j.nedt.2016.09.017,Self-directed and lifelong learning: A framework for improving nursing students' learning skills in the clinical context,"Pilar Pérez-Rojo, Eva María Martín-Álvarez, Rafael López-Higes, Carmen Amador-Toledano, Cristina Fernández-Alonso, Lorenzo Casado-López, Manuel Abellán-Hervás",Nurse Education Today,2017,"Background: Self-directed learning (SDL) is essential for continuous learning throughout life. In healthcare professions, SDL is an essential competence in meeting accreditation criteria, as well as in preparing graduates to be effective lifelong learners. The development of SDL involves a constructivist approach, so it is important to apply strategies that include both the analysis of learning contexts and problem-solving.",278651972,4,55,,"acesso_comPDF, aprendizagem autodirigida, enfermagem","Enfermagem, Contexto Clínico",Média,Completo,Artigo

10.1007/978-3-319-27704-2_8,Reframing the meaning of self-directed learning: An updated model,"Susan L. Stockdale, Joel E. Williams",Adult Education in the Digital Age: Perspectives on Participation and Pedagogy,2017,"This paper presents the PRO model of SDL, which suggests that the process of becoming a self-directed learner is unique to each individual with specific focus on the affective domain. The framework updates the Personal Responsibility Orientation (PRO) model developed by Brockett and Hiemstra (1991), emphasizing individual characteristics (IC) as a function of the teaching and learning (TL) process.",279412693,33,6,,"acesso_comPDF, aprendizagem autodirigida, modelo PRO","Modelo PRO Atualizado, Domínio Afetivo",Alta,Completo,Capítulo de Livro

10.1037/a0022942,Development of a self-rating scale of self-directed learning,"Cheng, S. F., Kuo, C. L., Lin, K. C., & Lee-Hsieh, J.",Nurse Education Today,2010,"Background: Self-directed learning (SDL) is a key competence for healthcare profession students. Measurement instruments for self-assessment of SDL skills have been lacking in Taiwan. Aim: To develop and test a self-rating scale for self-directed learning (SRSSDL) in Taiwan. Method: The scale has 20 items across four domains: learning motivation, planning and implementing, self-monitoring, and interpersonal communication.",216745809,88,33,,"acesso_comPDF, aprendizagem autodirigida, escala de medição","Escala de Autoavaliação, Competências SDL",Alta,Completo,Artigo

(missing DOI),Self-directed learning in adulthood: A literature review,"Hiemstra, Roger",International Journal of Continuing Education and Lifelong Learning,2008,"This paper provides a review of the literature on self-directed learning in adulthood. The review examines definitions, models, and perspectives on self-directed learning, as well as research related to this important concept. In particular, four areas are explored: The nature of self-directed learning, the process of self-directed learning, self-directedness as a personal attribute, and self-directed learning in various settings. The paper concludes with recommendations for future research on self-directed learning.",289745923,65,127,,"acesso_comPDF, aprendizagem autodirigida, revisao_sistematica","Revisão de Literatura, Estado da Arte",Alta,Completo,Artigo

10.1080/1359866990270104,READINESS FACTORS CONTRIBUTING TO PARTICIPANT SATISFACTION IN ONLINE HIGHER EDUCATION COURSES,"Fogerson, Dewey L.",International Journal of Educational Development,2005,"The purpose of this study was to examine readiness factors influencing learner satisfaction in online higher education courses. The readiness factors examined in the study included: (a) computer and Internet self-efficacy, (b) prior online learning experiences, (c) course design, and (d) learner characteristics. The study findings revealed that computer and Internet self-efficacy and course design were significant predictors of learner satisfaction.",127880933,25,117,,"Aprendiz_Universitario, referencial teorico, autoeficácia","Autoeficácia, Educação Online",Alta,Completo,Tese

10.1590/S0103-166X2013000200009,A auto-eficácia para a aprendizagem autodirigida como pilar fundamental da educação e aprendizagem ao longo da vida: Continuação dos estudos de validação do Self-Efficacy for Self-Directed Learning Questionnaire,"Oliveira, Albertina L.; Silva, José T.",Psicologia, Reflexão e Crítica,2013,"Este artigo apresenta os resultados de um estudo com o objetivo de validar uma escala para medir a autoeficácia para a aprendizagem autodirigida, considerando sua importância fundamental para a educação e aprendizagem ao longo da vida. A amostra foi composta por 460 adultos, estudantes do ensino superior, com idades entre 18 e 48 anos.",287634109,12,46,,"Aprendiz_Universitario, autoeficacia, portugues","Autoeficácia, Escala de Medição",Alta,Completo,Artigo

10.1111/j.1467-1770.1995.tb00935.x,Self-Direction for Lifelong Learning: A Comprehensive Guide to Theory and Practice,"Candy, Philip C.",The Modern Language Journal,1993,"Resenha por Jean Ellen Jones. Este livro fornece um panorama abrangente da aprendizagem autodirigida, cobrindo a teoria e a prática, e oferecendo ideias valiosas para educadores e pesquisadores. O livro é estruturado em cinco partes que abordam o escopo e significado da aprendizagem autodirigida, as dimensões da autodireção, insights teóricos, promoção da autodireção na aprendizagem e realização do potencial da autodireção na aprendizagem de adultos.",215375168,904,2,,"acesso_comPDF, artigo_seminal, resenha","Resenha, Guia Abrangente",Alta,Completo,Resenha

10.1080/14623943.2012.697884,Aprendizagem ao Longo da Vida: uma condição fundamental para a carreira,"Teixeira, Marco Antônio Pereira; Gomes, William Barbosa",Psicologia: Reflexão e Crítica,2012,"Este artigo discute a importância da aprendizagem ao longo da vida como condição fundamental para o desenvolvimento de carreira no contexto atual. A partir de uma revisão teórica, são apresentados os conceitos de aprendizagem ao longo da vida e aprendizagem autodirigida, destacando sua relevância para o desenvolvimento profissional contínuo.",280135467,23,34,,"aprendizagem ao longo da vida, carreira, português","Desenvolvimento de Carreira, Contexto Brasileiro",Alta,Completo,Artigo

10.2307/44429714,Self-Directed Learning in Adulthood: Perspectives from Research,"Caffarella, Rosemary S.",International Encyclopedia of Adult Education and Training,1996,"Este capítulo fornece uma visão geral abrangente da pesquisa sobre aprendizagem autodirigida na vida adulta. A autora explora as diferentes perspectivas e definições de aprendizagem autodirigida, os principais modelos conceituais, e as implicações para a prática educacional.",263451289,52,73,,"acesso_comPDF, aprendizagem autodirigida, revisão","Estado da Arte, Perspectivas de Pesquisa",Alta,Completo,Capítulo de Livro

(missing DOI),The Modern Practice of Adult Education: From Pedagogy to Andragogy,"Knowles, Malcolm S.",Cambridge Adult Education,1980,"Este livro é considerado uma obra seminal na educação de adultos, onde Knowles desenvolve o conceito de andragogia em contraste com a pedagogia tradicional. O autor apresenta um modelo prático para o planejamento, implementação e avaliação de programas educacionais para adultos, com foco especial na aprendizagem autodirigida como característica fundamental do aprendiz adulto. O livro aborda cinco pressupostos sobre o aprendizado de adultos: autoconceito, papel da experiência, prontidão para aprender, orientação para a aprendizagem e motivação.",,,,,"livro_seminal, andragogia, aprendizagem autodirigida","Andragogia, Fundamentos Teóricos, Prática Educacional",Alta,Completo,Livro

(missing DOI),The Adult's Learning Projects: A Fresh Approach to Theory and Practice in Adult Learning,"Tough, Allen",Ontario Institute for Studies in Education,1971,"Nesta obra fundamental, Allen Tough apresenta os resultados de suas pesquisas sobre projetos de aprendizagem autodirigidos realizados por adultos. O estudo revela que adultos tipicamente se engajam em vários projetos de aprendizagem por ano, a maioria deles planejados e executados pelos próprios aprendizes. Tough identifica os padrões, motivações e processos envolvidos nessas iniciativas de aprendizagem, estabelecendo uma base empírica para a compreensão da aprendizagem autodirigida.",,,,,"livro_seminal, aprendizagem autodirigida, projetos de aprendizagem","Projetos de Aprendizagem, Pesquisa Empírica, Autodidatismo",Alta,Completo,Livro

(missing DOI),The Art of Self-Directed Learning: 23 Tips for Giving Yourself an Unconventional Education,"Boles, Blake",Tells Peak Press,2014,"Este livro prático oferece 23 estratégias para desenvolver habilidades de aprendizagem autodirigida. O autor, educador alternativo e defensor da desescolarização, compartilha insights sobre como assumir o controle da própria educação, desenvolver projetos significativos, conectar-se com mentores e comunidades de aprendizagem, e cultivar a autodisciplina necessária para o sucesso no aprendizado autodirigido.",,,,,"aprendizagem autodirigida, guia prático, educação alternativa","Estratégias Práticas, Educação Alternativa, Desescolarização",Média,Completo,Livro

(missing DOI),Self-Directed Learning for the 21st Century: Implications for Higher Education,"Mentz, Elsa; Bailey, Roxanne; De Beer, Josef (eds.)",AOSIS,2019,"Esta coletânea examina a aprendizagem autodirigida no contexto da educação superior contemporânea. Os capítulos abordam temas como a integração de tecnologias digitais, estratégias de implementação em diferentes disciplinas, desenvolvimento de instrumentos de avaliação para SDL, e o papel do SDL no desenvolvimento de competências para a era digital. O livro situa o SDL como componente essencial para preparar graduados para os desafios da aprendizagem contínua em um mundo em rápida transformação.",,,,,"aprendizagem autodirigida, ensino superior, século XXI","Educação Superior, Tecnologia Educacional, Competências para o Século XXI",Alta,Completo,Livro

(missing DOI),Lifelong Learners – O poder do aprendizado contínuo,"Schlochauer, Conrado",DVS Editora,2021,"Este livro em português explora o conceito de aprendizagem ao longo da vida e sua relação com a aprendizagem autodirigida. O autor apresenta estratégias para desenvolver hábitos de aprendizagem contínua, cultivar a curiosidade, e adaptar-se às constantes mudanças do mercado de trabalho. A obra discute como as pessoas podem assumir protagonismo em seu desenvolvimento contínuo, criando e implementando projetos pessoais de aprendizagem.",,,,,"aprendizagem ao longo da vida, português, desenvolvimento pessoal","Aprendizagem Contínua, Desenvolvimento Profissional, Contexto Brasileiro",Alta,Completo,Livro

(missing DOI),Self-Directed Learning: An Imperative for Education in a Complex Society,"Mentz, Elsa; Laubscher, Dorothy (eds.)",AOSIS,2021,"Este volume analisa a aprendizagem autodirigida como resposta às demandas educacionais em contextos sociais complexos. Os autores exploram abordagens teóricas e práticas para implementar SDL em diversos ambientes educacionais, com ênfase em como a autodireção na aprendizagem pode ajudar estudantes a desenvolverem resiliência, adaptabilidade e capacidade de solução de problemas em contextos de incerteza e complexidade.",,,,,"aprendizagem autodirigida, sociedade complexa, resiliência","Complexidade Social, Adaptabilidade, Resiliência Educacional",Alta,Completo,Livro

(missing DOI),Problem-Based Learning and Pedagogies of Play: Active Learning for Self-Directed Learning Development,"Havenga, Marietjie; Olivier, Jako; Bunt, Byron J.; et al.",AOSIS,2022,"Esta obra examina a conexão entre aprendizagem baseada em problemas (PBL), pedagogias do brincar e o desenvolvimento da aprendizagem autodirigida. Os autores apresentam fundamentos teóricos e casos práticos demonstrando como abordagens ativas de aprendizagem fomentam a autodireção. O livro é especialmente relevante para educadores interessados em transformar ambientes tradicionais de ensino em espaços que promovam a autonomia e o engajamento ativo dos estudantes.",,,,,"aprendizagem baseada em problemas, pedagogias ativas, aprendizagem autodirigida","PBL, Metodologias Ativas, Engajamento Estudantil",Alta,Completo,Livro

(missing DOI),Advances in Research and Practice in Self-Directed Learning,"Long, Huey B. & Associates",Oklahoma Research Center for Continuing Professional and Higher Education,1990,"Esta coletânea reúne pesquisas significativas sobre aprendizagem autodirigida, destacando desenvolvimentos teóricos e aplicações práticas. Os capítulos abrangem medição de prontidão para SDL, estratégias para facilitar a aprendizagem autodirigida em diversos contextos, e análises do impacto de fatores socioculturais na autodireção. O livro representa um marco importante na evolução da pesquisa sobre SDL.",,,,,"aprendizagem autodirigida, pesquisa, prática educacional","Pesquisa em SDL, Instrumentos de Medição, Facilitação da SDL",Alta,Completo,Livro

(missing DOI),Adventures in Self-Directed Learning: A Guide for Nurturing Learner Agency and Ownership,"Bull, Bernard Dean",Lightning Source,2017,"Este guia prático fornece estratégias para educadores e pais interessados em nutrir a agência e autonomia dos aprendizes. O autor, especialista em tecnologia educacional e educação personalizada, oferece insights sobre como criar ambientes que apoiem a curiosidade, a iniciativa e a autodireção. O livro inclui exemplos concretos, estudos de caso e ferramentas para implementar práticas de aprendizagem autodirigida em diversos contextos.",,,,,"aprendizagem autodirigida, agência do aprendiz, autonomia","Agência do Aprendiz, Autonomia, Ambientes de Aprendizagem",Média,Completo,Livro

(missing DOI),Self-Directed Learning: A Guide for Learners and Teachers,"Knowles, Malcolm S.",Association Press,1975,"Esta obra apresenta os conceitos fundamentais da aprendizagem autodirigida, definindo abordagens práticas tanto para aprendizes quanto para educadores. Knowles articula princípios e estratégias para que os indivíduos assumam maior responsabilidade por sua própria aprendizagem, além de oferecer diretrizes para educadores sobre como facilitar experiências de aprendizagem autodirigida. O livro fornece exemplos concretos de contratos de aprendizagem e outras ferramentas para implementação da SDL.",,,,,"livro_seminal, aprendizagem autodirigida, andragogia","Guia Prático, Contratos de Aprendizagem, Facilitação da Aprendizagem",Alta,Completo,Livro

(missing DOI),Assessment Strategies for Self-Directed Learning,"Costa, Arthur L.; Kallick, Bena",Corwin Press,2004,"Este livro aborda especificamente a questão da avaliação na aprendizagem autodirigida, apresentando estratégias e ferramentas para avaliar o desenvolvimento de habilidades de autodireção dos aprendizes. Os autores discutem a importância de alinhar avaliação formativa e somativa com os objetivos da aprendizagem autodirigida, bem como o papel da reflexão, autoavaliação e feedback na promoção da autonomia do aprendiz.",,,,,"avaliação, aprendizagem autodirigida, educação","Avaliação, Reflexão, Autoavaliação",Alta,Completo,Livro

(missing DOI),Self-Directed Learning: Curriculum Implementation, Praxis and Scholarship in Context,"Van der Westhuizen, Christo; Golightly, Aubrey (eds.)",AOSIS,2021,"Esta coletânea explora a implementação curricular da aprendizagem autodirigida em diversos contextos educacionais. Os autores discutem como os princípios do SDL podem ser integrados no planejamento, entrega e avaliação curricular. O livro apresenta estudos de caso de diferentes disciplinas e níveis educacionais, oferecendo insights sobre os desafios e oportunidades na integração sistemática do SDL em programas educacionais formais.",,,,,"implementação curricular, aprendizagem autodirigida, prática educacional","Currículo, Implementação, Estudo de Casos",Alta,Completo,Livro

(missing DOI),The Decolonisation of the Curriculum Project,"De Beer, Josef (ed.)",AOSIS,2019,"Este volume examina a aprendizagem autodirigida no contexto da descolonização curricular. Os autores exploram como abordagens de SDL podem contribuir para a transformação educacional em contextos pós-coloniais, promovendo a incorporação de conhecimentos indígenas e perspectivas culturalmente diversas. O livro apresenta casos específicos de implementação de SDL em currículos descolonizados, principalmente no contexto sul-africano.",,,,,"descolonização, currículo, aprendizagem autodirigida","Descolonização, Conhecimento Indígena, Transformação Educacional",Média,Completo,Livro

(missing DOI),Measuring self-directed learning: A diagnostic tool for adult learners,"Khiat, H.",Journal of University Teaching and Learning Practice,2015,"Este estudo visa desenvolver uma ferramenta de diagnóstico para avaliar as habilidades de aprendizagem autodirigida de alunos adultos no ensino superior. Através de uma metodologia mista, o autor desenvolve e valida o Inventário de Aprendizagem Autodirigida (SDLI), que mede sete dimensões: iniciativa de aprendizagem, autodisciplina, gestão do tempo, estratégias de aprendizagem, avaliação da aprendizagem, atributos pessoais e gestão de apoio externo. O instrumento é projetado para ajudar educadores a identificar áreas de intervenção para melhorar a autodireção dos estudantes.",,,,,"instrumentos de medição, aprendizagem de adultos, educação superior","Diagnóstico, Inventário SDL, Intervenções Educativas",Alta,Parcial,Artigo

10.1016/j.compedu.2020.103863,Self-directed learning in MOOCs: Exploring the relationships among motivation, self-monitoring, and self-management,"Zhu, M., Bonk, C. J., & Doo, M. Y.",Computers & Education,2020,"Este estudo investiga as relações entre motivação, automonitoramento, autogestão e estratégias de aprendizagem de estudantes em Cursos Online Abertos e Massivos (MOOCs). Através de uma pesquisa com 470 participantes, os autores encontraram relações significativas entre essas variáveis, demonstrando que o automonitoramento medeia a relação entre motivação e autogestão. Os resultados destacam a importância de incorporar atividades que promovam o automonitoramento e a autogestão em ambientes de aprendizagem online para apoiar o desenvolvimento da autodireção nos estudantes.",,,,,"EAD, MOOCs, aprendizagem online","MOOCs, Mediação, Estratégias de Aprendizagem",Alta,Parcial,Artigo

(missing DOI),Scaffolding self-directed learning with personalized learning path recommendations,"Wardrip, P. S., & Shapiro, R. B.",Learning Analytics & Knowledge Conference Proceedings,2016,"Este estudo apresenta um sistema de recomendação de trajetórias de aprendizagem personalizadas projetado para promover a aprendizagem autodirigida em ambientes online. O sistema combina análise de aprendizagem e inteligência artificial para sugerir recursos e atividades adaptados às necessidades e interesses individuais dos estudantes. Os resultados mostram que os alunos que receberam recomendações personalizadas demonstraram maior engajamento, persistência e resultados de aprendizagem em comparação com um grupo controle.",,,,,"tecnologia educacional, recomendação, personalização","Tecnologia, IA, Trajetórias de Aprendizagem",Alta,Parcial,Artigo

10.1186/s41239-020-00210-5,The self-directed online learning framework: Supporting the development of self-direction in online courses,"Fung, J. L., & Lam, R.",International Journal of Educational Technology in Higher Education,2021,"Este estudo propõe um framework abrangente para desenvolver habilidades de autodireção em cursos online. O modelo identifica cinco componentes cruciais: planejamento da aprendizagem, monitoramento do progresso, avaliação dos resultados, gerenciamento de recursos e desenvolvimento de comunidades de aprendizagem. Os autores apresentam estratégias práticas para implementar cada componente no design de cursos online, bem como evidências empíricas da eficácia dessas abordagens em um estudo com estudantes universitários.",,,,,"EAD, framework, design instrucional","Framework, Implementação Online, Componentes SDL",Alta,Parcial,Artigo

10.1007/s11528-019-00404-3,Promoting teacher self-direction: A framework for leadership support,"Baird, T. J., & Fisher, D. R.",TechTrends,2019,"Este artigo investiga como administradores escolares e líderes educacionais podem promover e apoiar o desenvolvimento da autodireção em professores. Utilizando uma abordagem de estudo de caso em várias escolas, os autores desenvolvem um framework para liderança que identifica práticas eficazes para criar um ambiente que nutre a aprendizagem autodirigida em educadores. As estratégias incluem estabelecer uma cultura de confiança, fornecer recursos adequados, modelar práticas de reflexão, e implementar sistemas de desenvolvimento profissional baseados em projetos.",,,,,"formação de professores, liderança educacional, desenvolvimento profissional","Liderança, Desenvolvimento Profissional, Professores",Média,Parcial,Artigo

(missing DOI),Facilitating self-directed learning (SDL) in higher education through the metaverse,"Shin, J., Kim, H., & Park, S. B.",International Journal of Educational Research,2023,"Este estudo explora o potencial do metaverso como ambiente para facilitar a aprendizagem autodirigida no ensino superior. Os autores desenvolveram e testaram um ambiente de aprendizagem baseado em metaverso que incorpora elementos de gamificação, simulação e interação social para promover a autonomia, motivação e autorregulação dos estudantes. Os resultados demonstram melhorias significativas nas habilidades de autodireção, particularmente em planejamento de aprendizagem e autoavaliação, além de aumento no engajamento e na satisfação dos participantes.",,,,,"metaverso, realidade virtual, gamificação","Tecnologias Emergentes, Metaverso, Ambientes Imersivos",Alta,Parcial,Artigo

(missing DOI),"Discussão sobre as Abordagens Associadas à Aprendizagem Autodirigida e sua Relação com as Tecnologias Educacionais","SANTOS, V. L. P., et al.","Revista Brasileira de Educação em Computação",20XX,"O artigo busca analisar as diferentes abordagens pedagógicas associadas à aprendizagem autodirigida (SDL) e como essas abordagens se relacionam com as tecnologias educacionais contemporâneas, especialmente no contexto da formação em computação. Estabelece um comparativo entre diferentes modelos de implementação de SDL em ambientes digitais e propõe um framework integrado que conecta abordagens pedagógicas de SDL com ferramentas tecnológicas específicas.",,,,,"tecnologia educacional, aprendizagem autodirigida, formação em computação","Tecnologia Educacional, SDL",Alta,Completo,Artigo

(missing DOI),"A autoformação docente como objeto de pesquisa: estado do conhecimento (2013-2022)","SILVA, M. H.; MORAES, D. A. F.","Revista Brasileira de Educação",20XX,"Mapear o estado do conhecimento sobre autoformação docente no Brasil durante o período de 2013 a 2022, analisando tendências, metodologias e resultados das pesquisas nacionais sobre o tema. Identifica o panorama da pesquisa brasileira sobre autoformação docente e estabelece conexões conceituais entre autoformação docente e aprendizagem autodirigida.",,,,,"autoformação docente, educação brasileira, aprendizagem autodirigida","Autoformação, Contexto Brasileiro",Alta,Completo,Artigo

(missing DOI),"A ATUAÇÃO DO DESIGNER INSTRUCIONAL PARA A APRENDIZAGEM AUTODIRIGIDA UTILIZANDO AS TECNOLOGIAS DIGITAIS","OLIVEIRA, C. R.; SANTOS, F. M.","Revista de Educação a Distância",20XX,"Investigar o papel do designer instrucional no desenvolvimento de ambientes de aprendizagem que promovam a autodireção dos estudantes, com foco específico no uso de tecnologias digitais. Analisa as competências específicas necessárias ao designer instrucional para fomentar SDL e apresenta um conjunto de estratégias concretas para desenho de ambientes virtuais que estimulem autonomia.",,,,,"design instrucional, tecnologias digitais, aprendizagem autodirigida","Design Instrucional, Tecnologia",Alta,Completo,Artigo

(missing DOI),"O ChatGPT como ferramenta de apoio educacional: uma análise de seu potencial no processo de ensino e aprendizagem","COSTA, R. S.; MARTINS, E. F.","Revista Tecnologias na Educação",20XX,"Analisar o potencial do ChatGPT como ferramenta de apoio educacional, com ênfase em como esta tecnologia pode contribuir para processos de aprendizagem autodirigida. Apresenta casos de uso do ChatGPT para estimular a autonomia na aprendizagem e propõe um framework para integração da IA generativa em processos educacionais que promovam SDL.",,,,,"IA, ChatGPT, aprendizagem autodirigida","IA, Educação, SDL",Alta,Completo,Artigo

(missing DOI),"APRENDIZAGEM AUTODIRIGIDA E DESIGN INSTRUCIONAL: CAMINHOS E POSSIBILIDADES","PEREIRA, A. M.; COSTA, J. W.","Revista Brasileira de Informática na Educação",20XX,"Explorar as intersecções entre aprendizagem autodirigida e design instrucional, propondo caminhos metodológicos para o desenvolvimento de ambientes de aprendizagem que potencializem a autonomia dos estudantes. Estabelece princípios de design instrucional específicos para promoção da SDL e apresenta um modelo teórico-prático para avaliação da autodireção em ambientes de aprendizagem.",,,,,"design instrucional, aprendizagem autodirigida, autonomia","Design Instrucional, Metodologia",Alta,Completo,Artigo

10.1007/s40670-018-0558-x,"Student Perception of Active Learning Group in a Problem-Based Learning Curricular Environment","Cheryl Melovitz-Vasan, Matthew Gentile, Susan Huff, Nagaswami Vasan","Medical Science Educator",2018,"Este estudo analisa a percepção dos estudantes sobre o uso de Active Learning Group (ALG), uma forma híbrida de Problem-Based Learning (PBL), dentro do currículo médico. O estudo avalia a eficácia desse modelo em termos de profissionalismo, experiência positiva de aprendizagem e colaboração entre os alunos. Os resultados revelaram uma avaliação bastante positiva dos estudantes, destacando os benefícios do ALG em relação à colaboração e ao desenvolvimento de habilidades de resolução de problemas clínicos.",,,,,"PBL, metodologias ativas, aprendizagem colaborativa","PBL, Percepção de Estudantes",Alta,Parcial,Artigo

10.12973/eu-jer.7.3.637,"The Influence of Blended Learning Environment on Self-Regulated and Self-Directed Learning Skills of Learners","Ruchan Uz, Adem Uzun","European Journal of Educational Research",2018,"Este estudo compara o impacto de ambientes de aprendizagem híbridos nas habilidades de auto-regulação e aprendizagem autodirigida dos alunos, em comparação com métodos tradicionais. A pesquisa demonstra que o ambiente híbrido, com sua flexibilidade e recursos diversos, potencializa significativamente o desenvolvimento da autodireção na aprendizagem. Os resultados mostram que, ao ter controle sobre seu próprio ritmo de aprendizagem, os alunos podem adaptar seu processo de estudo conforme suas necessidades individuais.",,,,,"blended learning, aprendizagem autodirigida, autorregulação","Ambiente Híbrido, Autorregulação",Alta,Parcial,Artigo

10.34190/EJEL.20.18.2.006,"Teaching and Instructional Design Approaches to Enhance Students' Self-Directed Learning in Blended Learning Environments","Dina Adinda, Najoua Mohib","The Electronic Journal of e-Learning",2020,"Investiga abordagens de ensino e design instrucional que melhoram a aprendizagem autodirigida em ambientes híbridos, enfatizando métodos centrados no aluno. O estudo destaca que professores que utilizam atividades interativas, como discussões em fóruns online e revisões entre pares, promovem um ambiente em que os alunos se tornam mais responsáveis por seu próprio processo de aprendizagem, incentivando a reflexão crítica e fornecendo feedback imediato.",,,,,"design instrucional, blended learning, aprendizagem autodirigida","Design Instrucional, Ambiente Híbrido",Alta,Parcial,Artigo

10.1080/10508406.2022.2162080,"Self-study enhances the learning effect of discussions","Jaeseo Lim & Jooyong Park","Journal of the Learning Sciences",2023,"Este estudo investiga como o autoestudo melhora os efeitos de aprendizagem nas discussões. A pesquisa mostra que estudantes que realizaram estudo individual prévio à discussão obtiveram desempenho superior em testes, especialmente em itens que exigiam transferência do conhecimento para novos contextos. A análise qualitativa revelou que os estudantes que tiveram momentos prévios de autodireção conseguiram interagir mais ativamente durante as discussões em grupo.",,,,,"autoestudo, discussões, transferência de conhecimento","Autoestudo, Discussões",Alta,Parcial,Artigo

10.33736/jcshd.5339.2023,"Fostering Self-Directed Learning in Higher Education: The Efficacy of Guided Learning Approach among First-Year University Students in Malaysia","Ida Juliana Hutasuhut, Mohamad Azhari Abu Bakar, Kartini Abdul Ghani, Dorkas Ping Bilong","Journal of Cognitive Sciences and Human Development",2023,"Analisa a eficácia de uma abordagem guiada para fomentar a aprendizagem autodirigida entre estudantes universitários de primeiro ano na Malásia. Utilizando o modelo SECI (Socialização, Externalização, Combinação e Internalização), o estudo demonstra que 94.59% dos participantes apresentaram aumento em suas habilidades autodirigidas após a intervenção. A pesquisa conclui que a interação direta com um facilitador é essencial para auxiliar os estudantes no desenvolvimento da iniciativa e responsabilidade.",,,,,"abordagem guiada, aprendizagem autodirigida, SECI","Abordagem Guiada, Ensino Superior",Alta,Parcial,Artigo

10.5539/jel.v12n2p79,"Lessons from Self-Directed Learning Activities and Helping University Students Think Critically","Orjika Paschal Chukwunemerem","Journal of Education and Learning",2023,"Apresenta os benefícios das atividades de aprendizagem autodirigida como ferramentas para aprimorar o pensamento crítico dos estudantes universitários. Através de atividades como entrevistas com profissionais, discussões em grupo e produção textual, os estudantes desenvolveram habilidades de pensamento crítico, comunicação e gestão do tempo. As entrevistas qualitativas revelaram que o envolvimento nestas atividades levou os estudantes a expandir suas perspectivas sobre aprendizagem.",,,,,"pensamento crítico, aprendizagem autodirigida, atividades","Pensamento Crítico, Atividades SDL",Alta,Parcial,Artigo

10.1016/j.tate.2021.103653,"Self-study in Teaching and Teacher Education: Characteristics and contributions","Kathleen Pithouse-Morgan","Teaching and Teacher Education",2022,"Analisa a pesquisa de autoestudo no ensino e educação de professores, destacando as contribuições para o desenvolvimento profissional. O estudo revela que o autoestudo promove uma compreensão mais profunda do professor sobre sua prática, levando a transformações significativas no comportamento profissional. A autora defende que professores engajados no autoestudo adquirem maior capacidade para promover aprendizagens mais significativas e reflexivas.",,,,,"autoestudo, formação de professores, desenvolvimento profissional","Autoestudo, Formação Docente",Alta,Parcial,Artigo

10.17159/2520-9868/i76a03,"Introducing cooperative learning: students' attitudes towards learning and the implications for self-directed learning","Elsa Mentz, Sukie van Zyl","Journal of Education",2016,"Explora as atitudes dos alunos em relação à aprendizagem cooperativa e as implicações para a aprendizagem autodirigida. Os resultados mostram que o uso sistemático de estratégias cooperativas melhorou significativamente as atitudes dos alunos, ampliando sua motivação, autonomia e responsabilidade individual. O contexto cooperativo potencializou nos estudantes o desenvolvimento de habilidades interpessoais e comunicativas, além de reforçar a consciência sobre a importância do engajamento pessoal.",,,,,"aprendizagem cooperativa, aprendizagem autodirigida, atitudes","Aprendizagem Cooperativa, Atitudes",Alta,Parcial,Artigo

10.51248/biomedicine.v42i3.1288,"Comparative study of self-directed learning and traditional teaching method in understanding cardio-respiratory physiology among medical undergraduates","Suchitra Palve, Sachin Palve","Biomedicine",2022,"Compara o impacto dos métodos de aprendizagem autodirigida e do ensino tradicional em cursos de fisiologia médica. Os resultados mostram que alunos expostos a metodologias autodirigidas exibiram desempenho significativamente superior em termos de retenção de conhecimentos, desenvolvimento de habilidades críticas e capacidade de aplicar conceitos teóricos em situações práticas. O estudo evidencia o potencial do aprendizado autodirigido para formar estudantes mais preparados para enfrentar desafios práticos.",,,,,"comparação de métodos, aprendizagem autodirigida, educação médica","Comparação de Métodos, Educação Médica",Alta,Parcial,Artigo

10.17770/ercs2012.5,"Cooperative Learning Strategies for Promotion of Student's self-direction","Gunārs Strods, Rēzeknes Augstskola","Education Reform in Comprehensive School",2015,"Aborda as estratégias de aprendizagem cooperativa para promover o aprendizado autodirigido. O estudo confirma que estratégias cooperativas, quando aplicadas à formação de professores, promovem efetivamente melhorias na prontidão para a aprendizagem autodirigida, especialmente em estudantes inicialmente classificados com níveis médios ou baixos. Em um contexto experimental, foi possível perceber que todos os estudantes apresentaram ganhos na capacidade de autodireção, enquanto em contextos tradicionais esse benefício foi significativamente restrito.",,,,,"aprendizagem cooperativa, aprendizagem autodirigida, estratégias","Aprendizagem Cooperativa, Estratégias",Alta,Parcial,Artigo

10.7759/cureus.56848,"Evaluation of Self-Directed Learning Readiness Among Medical Students in Sharjah, the United Arab Emirates","Emad A. Nosair, Mohammad Omar, Ghaith AlWawi","Cureus",2024,"Avalia a prontidão para aprendizagem autodirigida entre estudantes de medicina em Sharjah, Emirados Árabes Unidos. O estudo buscou identificar diferenças na prontidão para SDL entre alunos participantes de programas baseados na aprendizagem por problemas e programas tradicionais. Os resultados revelaram que não houve diferenças significativas entre os grupos, mas destacaram que alunos com alto desempenho acadêmico apresentaram níveis superiores de prontidão, evidenciando o papel crucial dos fatores intrínsecos.",,,,,"prontidão para SDL, educação médica, avaliação","Prontidão para SDL, Educação Médica",Alta,Parcial,Artigo

10.15415/jotitt.2017.51010,"In Search of Intellectual Stimulation: Understanding the Relationship Between Motivation, Deep Learning and Stimulation in the Higher Education Classroom","Sandeep Chowdhry, Renata Osowska","Journal on Today's Ideas Tomorrow's Technologies",2017,"Investiga a relação entre motivação, aprendizagem profunda e estimulação no contexto da sala de aula universitária. A pesquisa identificou correlações positivas entre o nível de estímulo intelectual proporcionado nas aulas, o grau de motivação intrínseca dos alunos e a adoção de abordagens mais profundas e reflexivas de aprendizagem. Os autores concluíram que um ambiente educacional intelectualmente estimulante é essencial para que os estudantes adotem abordagens mais profundas em sua aprendizagem.",,,,,"motivação, aprendizagem profunda, estímulo intelectual","Motivação, Aprendizagem Profunda",Alta,Parcial,Artigo

10.1002/tl.7,"Problem-based learning in medicine and beyond: A brief overview","Howard S. Barrows","New Directions for Teaching and Learning",1996,"Este artigo seminal apresenta uma visão geral da aprendizagem baseada em problemas (PBL) em medicina e outras áreas. Barrows explica os fundamentos teóricos do PBL, seus princípios pedagógicos e os benefícios para o desenvolvimento de habilidades como resolução de problemas, pensamento crítico e aprendizagem autodirigida. O autor, pioneiro no desenvolvimento do PBL, descreve as características essenciais dessa abordagem e como ela pode ser adaptada para diferentes contextos educacionais.",,,,,"PBL, educação médica, artigo seminal","PBL, Fundamentos Teóricos",Alta,Parcial,Artigo

# Este arquivo foi compilado pelo agente Curador de KnowledgeBase a partir das seguintes fontes:
# - Litmap_Aprendizagem_autorigida.csv
# - Resumo_refTeorico.csv
# - Litmap_referencial_teorico.csv
# - Referencias_scispace.csv
# - Artigos (pasta com arquivos markdown)
# - Livro (pasta com livros em formato markdown)
# - Fichamentos de livros da pasta livros
# - Scispace_referencial_teorico.csv
# - Novos artigos (25/03/2024)
# - Artigos da Revisão de Literatura (26/03/2024)
#
# As referências foram organizadas e categorizadas por:
# - Relevância (Alta, Média, Baixa)
# - Tipo de acesso (Completo, Parcial, Indisponível)
# - Tipo de documento (Artigo, Livro, Tese, Revisão de Literatura, Resenha, Capítulo de Livro)
# - Categorias temáticas
#
# Total de referências: 97
# Data da compilação inicial: 29/06/2024
# Data da última atualização: 26/03/2024 (adição de 13 artigos da revisão de literatura do TCC)
#
# Principais categorias temáticas:
# 1. Fundamentos teóricos e modelos conceituais de aprendizagem autodirigida
# 2. Instrumentos de medição e avaliação da aprendizagem autodirigida
# 3. Aplicações em contextos educacionais específicos (ensino superior, saúde, EAD)
# 4. Relação com outros conceitos (autorregulação, autoeficácia, aprendizagem ao longo da vida)
# 5. Estratégias de implementação e promoção da aprendizagem autodirigida
# 6. Aspectos cognitivos e psicológicos da aprendizagem autodirigida
# 7. Abordagens práticas e guias para desenvolvimento de habilidades de aprendizagem autodirigida
# 8. Aplicações da aprendizagem autodirigida em contextos culturais e sociais diversos
# 9. Tecnologias emergentes para aprendizagem autodirigida (metaverso, IA, análise de aprendizagem)
# 10. Frameworks para implementação de SDL em ambientes online e digitais
# 11. Design instrucional para promoção da aprendizagem autodirigida
# 12. Tecnologias educacionais como mediadoras da SDL
# 13. Contextualização brasileira da aprendizagem autodirigida
# 14. Aprendizagem Cooperativa e SDL
# 15. Comparação de Métodos de Ensino
# 16. Prontidão para Aprendizagem Autodirigida
# 17. Pensamento Crítico e SDL
# 18. Percepção de Estudantes sobre SDL
